Peyton Manning,QB,10700Aaron Rodgers,QB,10100Calvin Johnson,WR,9500A.J. Green,WR,9500Drew Brees,QB,9200Matthew Stafford,QB,9100Julio Jones,WR,9100Marshawn Lynch,RB,9000Matt Ryan,QB,9000Adrian Peterson,RB,8900Robert Griffin III,QB,8900Colin Kaepernick,QB,8800Brandon Marshall,WR,8700Doug Martin,RB,8500Andrew Luck,QB,8500Cam Newton,QB,8400Randall Cobb,WR,8300Tom Brady,QB,8300Philip Rivers,QB,8200Arian Foster,RB,8100Eli Manning,QB,8100Russell Wilson,QB,8000Reggie Bush,RB,8000Victor Cruz,WR,7900Demaryius Thomas,WR,7900Jimmy Graham,TE,7900Matt Forte,RB,7800Larry Fitzgerald,WR,7800Tony Romo,QB,7800Dez Bryant,WR,7700C.J. Spiller,RB,7500Pierre Garcon,WR,7400Jordy Nelson,WR,7400Sam Bradford,QB,7400Jay Cutler,QB,7300Carson Palmer,QB,7300Vincent Jackson,WR,7200Andre Johnson,WR,7200Andy Dalton,QB,7200Alfred Morris,RB,7200Matt Schaub,QB,7000Eddie Royal,WR,7000Joe Flacco,QB,7000Reggie Wayne,WR,6900Wes Welker,WR,6900Danny Amendola,WR,6900Anquan Boldin,WR,6800Hakeem Nicks,WR,6800Ray Rice,RB,6700Trent Richardson,RB,6700Chris Johnson,RB,6700Josh Freeman,QB,6500Ben Roethlisberger,QB,6500Marques Colston,WR,6500Darren Sproles,RB,6500Steven Jackson,RB,6300Darren McFadden,RB,6300Roddy White,WR,6300DeMarco Murray,RB,6300Ryan Tannehill,QB,6300James Jones,WR,6300Steve Smith,WR,6200Shane Vereen,RB,6100Jason Witten,TE,6100Torrey Smith,WR,6000DeAndre Hopkins,WR,6000Rob Gronkowski,TE,6000Julian Edelman,WR,6000Stevie Johnson,WR,6000Knowshon Moreno,RB,6000Terrelle Pryor,QB,6000Antonio Brown,WR,5900Brandon Weeden,QB,5900Tavon Austin,WR,5900Mike Wallace,WR,5800Seahawks ,DEF,5800T.Y. Hilton,WR,5800Marlon Brown,WR,5800Eric Decker,WR,5800Jake Locker,QB,5700Jordan Cameron,TE,5700Tony Gonzalez,TE,5600Jermaine Kearse,WR,5600Eddie Lacy,RB,5600Ahmad Bradshaw,RB,5500Lamar Miller,RB,5500Martellus Bennett,TE,5500Frank Gore,RB,5400Geno Smith,QB,5400Christian Ponder,QB,5300Mike Williams,WR,5300Greg Jennings,WR,5300Vernon Davis,TE,5200Greg Olsen,TE,5200Maurice Jones-Drew,RB,5200EJ Manuel,QB,5200Rashard Mendenhall,RB,5100Antonio Gates,TE,5100Jared Cook,TE,5100Austin Davis,QB,5000Josh Johnson,QB,5000Ryan Mathews,RB,5000Mike Kafka,QB,5000John Parker Wilson,QB,5000Tyrod Taylor,QB,5000James Starks,RB,5000Drew Stanton,QB,5000Kirk Cousins,QB,5000Vince Young,QB,5000T.J. Yates,QB,5000Curtis Painter,QB,5000Mark Sanchez,QB,5000Brian Hartline,WR,5000John Skelton,QB,5000Tim Tebow,QB,5000Graham Harrell,QB,5000Brian Hoyer,QB,5000Jermichael Finley,TE,5000Pat White,QB,5000Colt McCoy,QB,5000Luke McCown,QB,5000Kevin Kolb,QB,5000Tyler Thigpen,QB,5000Matt Flynn,QB,5000Dominique Davis,QB,5000Miles Austin,WR,5000Ryan Mallett,QB,5000Stephen McGee,QB,5000Thaddeus Lewis,QB,5000Chris Ivory,RB,5000Brady Quinn,QB,5000Chad Henne,QB,5000Charlie Whitehurst,QB,5000Blaine Gabbert,QB,5000Josh Gordon,WR,5000Tarvaris Jackson,QB,5000Shaun Hill,QB,5000Jason Campbell,QB,5000Josh McCown,QB,5000Seneca Wallace,QB,5000Matt Cassel,QB,5000Jeff Tuel,QB,5000Kellen Clemens,QB,5000Bruce Gradkowski,QB,5000Ryan Fitzpatrick,QB,5000Matt Leinart,QB,5000Derek Anderson,QB,5000Kyle Orton,QB,5000Mike Glennon,QB,5000Brock Osweiler,QB,5000Ryan Nassib,QB,5000Dan Orlovsky,QB,5000Tyler Wilson,QB,5000David Carr,QB,5000Matt Moore,QB,5000Trent Edwards,QB,5000Landry Jones,QB,5000Charlie Batch,QB,5000Matt Hasselbeck,QB,5000Cecil Shorts,WR,5000Brandon Myers,TE,4900Julius Thomas,TE,4900Michael Floyd,WR,4900Emmanuel Sanders,WR,4900Bears ,DEF,4800Texans ,DEF,4800Stevan Ridley,RB,4800DeAngelo Williams,RB,4800Jacquizz Rodgers,RB,4800Broncos ,DEF,4800Owen Daniels,TE,4700Vincent Brown,WR,4600Joique Bell,RB,4600Patriots ,DEF,4600Kendall Wright,WR,4600David Wilson,RB,4500Rod Streater,WR,4500Giovani Bernard,RB,4500BenJarvus Green-Ellis,RB,4500Bernard Pierce,RB,4500Lance Moore,WR,4500Andre Roberts,WR,4400Montee Ball,RB,440049ers ,DEF,4400Kenny Britt,WR,4400Coby Fleener,TE,4400Chris Givens,WR,4400Cardinals ,DEF,4200Charles Clay,TE,4200Vikings ,DEF,4200Denarius Moore,WR,4200Kyle Rudolph,TE,4200Ravens ,DEF,4200Harry Douglas,WR,4200Saints ,DEF,4100Greg Little,WR,4100Fred Jackson,RB,4100Bilal Powell,RB,4100Danny Woodhead,RB,4100Daryl Richardson,RB,4100Nate Burleson,WR,4000Matt Prater,K,4000Dan Bailey,K,4000Isaac Redman,RB,4000Jonathan Dwyer,RB,4000Johnathan Franklin,RB,4000Rams ,DEF,4000Brandon Pettigrew,TE,4000Pierre Thomas,RB,3900Aaron Dobson,WR,3900Santonio Holmes,WR,3900Rueben Randle,WR,3900Cowboys ,DEF,3900Brandon LaFell,WR,3800Le'Veon Bell,RB,3800Kellen Winslow,TE,3800Stephen Gostkowski,K,3800Sidney Rice,WR,3800Garrett Hartley,K,3800Redskins ,DEF,3800Jason Snelling,RB,3800Malcom Floyd,WR,3700Golden Tate,WR,3700Josh Brown,K,3700Steven Hauschka,K,3600Dwayne Allen,TE,3600Bills ,DEF,3600Phil Dawson,K,3600Browns ,DEF,3600Ed Dickson,TE,3600Buccaneers ,DEF,3600Ace Sanders,WR,3600Blair Walsh,K,3600Alshon Jeffery,WR,3600Randy Bullock,K,3500Jordan Reed,TE,3500Jonathan Stewart,RB,3500Jermaine Gresham,TE,3500Matt Bryant,K,3500Greg Zuerlein,K,3500Tyler Eifert,TE,3500Packers ,DEF,3400Titans ,DEF,3400Robert Woods,WR,3400Chargers ,DEF,3400Nick Novak,K,3400Jay Feely,K,3400Sebastian Janikowski,K,3400Nate Washington,WR,3400Leonard Hankerson,WR,3400Stephen Hill,WR,3400Panthers ,DEF,3400David Akers,K,3400Daniel Thomas,RB,3400Mohamed Sanu,WR,3300Kerry Taylor,WR,3300Ryan Broyles,WR,3300Falcons ,DEF,3300Davone Bess,WR,3300Dolphins ,DEF,3300Ben Tate,RB,3300Santana Moss,WR,3300Andre Brown,RB,3200Mason Crosby,K,3200Justin Tucker,K,3200Bengals ,DEF,3200Scott Chandler,TE,3200Jeremy Kerley,WR,3200Cordarrelle Patterson,WR,3100Kai Forbath,K,3100Jacoby Jones,WR,3100Caleb Sturgis,K,3100Isaiah Pead,RB,3100Robbie Gould,K,3100Colts ,DEF,3100Frank Summers,RB,3100Rob Bironas,K,3100Giants ,DEF,3100Lions ,DEF,3100Delanie Walker,TE,3100Jonathan Grimes,RB,3000Taylor Thompson,TE,3000Griff Whalen,WR,3000Cole Beasley,WR,3000Zach Line,RB,3000Visanthe Shiancoe,TE,3000Marvin Jones,WR,3000Derrick Coleman,RB,3000Dallas Clark,TE,3000Cory Harkey,TE,3000Chris Owusu,WR,3000Donald Jones,WR,3000Derek Hagan,WR,3000Kevin Walter,WR,3000Kenjon Barner,RB,3000Dante Rosario,TE,3000Craig Stevens,TE,3000Nick Folk,K,3000LaMichael James,RB,3000Jon Baldwin,WR,3000Brandon Lloyd,WR,3000Terrance Williams,WR,3000Mychal Rivera,TE,3000Brice Butler,WR,3000Donald Lee,TE,3000Willis McGahee,RB,3000Keshawn Martin,WR,3000MarQueis Gray,TE,3000Daniel Fells,TE,3000Tandon Doss,WR,3000Michael Cox,RB,3000Brandon Banks,WR,3000DeVier Posey,WR,3000Tommy Streeter,WR,3000D.C. Jefferson,TE,3000Jordan Todman,RB,3000Jarrett Boykin,WR,3000LaRon Byrd,WR,3000Travis Benjamin,WR,3000David Reed,WR,3000Michael Egnew,TE,3000Andre Ellington,RB,3000Bradie Ewing,RB,3000Jeff Demps,RB,3000Michael Robinson,RB,3000Jamie Harper,RB,3000Ryan Williams,RB,3000Tobais Palmer,WR,3000Jeremy Ebert,WR,3000Jaron Brown,WR,3000Billy Cundiff,K,3000T.J. Graham,WR,3000Robert Turbin,RB,3000Drew Davis,WR,3000Larry Donnell,TE,3000Aldrick Robinson,WR,3000Matt Spaeth,TE,3000Dan Gronkowski,TE,3000Lance Ball,RB,3000Kevin Elliott,WR,3000Evan Rodriguez,RB,3000Deji Karim,RB,3000Garrett Celek,TE,3000Will Johnson,RB,3000Steve Breaston,WR,3000Dustin Keller,TE,3000Jerrel Jernigan,WR,3000Manase Tonga,RB,3000Kamar Aiken,WR,3000Maurice Stovall,TE,3000Jeremy Stewart,RB,3000Ryan Whalen,WR,3000Robert Hughes,RB,3000Nathan Palmer,WR,3000Brian Leonard,RB,3000Mike Brown,WR,3000Leonard Pope,TE,3000Devin Hester,WR,3000Travaris Cadet,RB,3000Niles Paul,TE,3000Jeff Fuller,WR,3000Juron Criner,WR,3000Tavarres King,WR,3000Tashard Choice,RB,3000Lawrence Vickers,RB,3000Steve Smith,WR,3000Patrick Edwards,WR,3000Isaiah Stanback,TE,3000Mark Ingram,RB,3000Marcedes Lewis,TE,3000LeGarrette Blount,RB,3000Chris Harper,WR,3000Mike Williams,WR,3000James Hanna,TE,3000Chansi Stuckey,WR,3000David Thomas,TE,3000D.J. Williams,TE,3000Roy Helu,RB,3000Leon Washington,RB,3000Weslye Saunders,TE,3000Toney Clemons,WR,3000Kevin Dorsey,WR,3000Mikel LeShoure,RB,3000Kevin Cone,WR,3000Bernard Scott,RB,3000Zach Sudfeld,TE,3000David Paulson,TE,3000Michael Smith,WR,3000Orson Charles,RB,3000Shayne Graham,K,3000Ronnie Hillman,RB,3000Dion Sims,TE,3000Ray Graham,RB,3000Cobi Hamilton,WR,3000Moran Norris,RB,3000Stedman Bailey,WR,3000Plaxico Burress,WR,3000Brandon Stokley,WR,3000Todd Heap,TE,3000Alan Bonner,WR,3000Rian Lindell,K,3000Edwin Baker,RB,3000Deion Branch,WR,3000Theo Riddick,RB,3000Dustin Hopkins,K,3000Mike Gillislee,RB,3000Ronnie Brown,RB,3000Randy McMichael,TE,3000Chris Thompson,RB,3000Christine Michael,RB,3000Ryan Swope,WR,3000Denard Robinson,WR,3000Cierre Wood,RB,3000Donte' Stallworth,WR,3000Ricardo Lockette,WR,3000Justin Brown,WR,3000Clyde Gates,WR,3000Andre Holmes,WR,3000Corey Fuller,WR,3000Keenan Allen,WR,3000Rishard Matthews,WR,3000Stephen Burton,WR,3000Raiders ,DEF,3000Hayden Smith,TE,3000Dominique Jones,TE,3000Dorin Dickerson,WR,3000Marquess Wilson,WR,3000Michael Preston,WR,3000Quinton Patton,WR,3000Jets ,DEF,3000Da'Rick Rogers,WR,3000Kenny Stills,WR,3000Vick Ballard,RB,3000Armond Smith,RB,3000Spencer Ware,RB,3000Justin Hunter,WR,3000Randy Moss,WR,3000Joseph Randle,RB,3000Jaguars ,DEF,3000Steelers ,DEF,3000Kenbrell Thompkins,WR,3000Adam Vinatieri,K,3000Jason Hanson,K,3000Aaron Mellette,WR,3000Cedric Benson,RB,3000Ladarius Green,TE,3000Luke Willson,TE,3000John Potter,K,3000Latavius Murray,RB,3000Lance Dunbar,RB,3000Dominique Whaley,RB,3000Giorgio Tavecchio,K,3000Courtney Roby,WR,3000Mike Nugent,K,3000Joseph Fauria,TE,3000Brad Smith,WR,3000Ryan Otten,TE,3000Brad Smelley,TE,3000Michael Williams,TE,3000Joe Adams,WR,3000Ryan Griffin,TE,3000Ryan Grant,RB,3000Marcus Sales,WR,3000Greg Childs,WR,3000Jarius Wright,WR,3000Brandon Bolden,RB,3000Joshua Cribbs,WR,3000Chris Gragg,TE,3000Dennis Johnson,RB,3000Jeff King,TE,3000Tori Gurley,WR,3000Micheal Spurlock,WR,3000Zac Stacy,RB,3000Alex Smith,TE,3000Stepfan Taylor,RB,3000Levine Toilolo,TE,3000Heath Miller,TE,3000Marquise Goodwin,WR,3000Kerwynn Williams,RB,3000Shaun Suisham,K,3000Joel Dreessen,TE,3000Greg Camarillo,WR,3000Gavin Escobar,TE,3000Alex Green,RB,3000Kyle Juszczyk,RB,3000Mike James,RB,3000Tommy Bohanon,RB,3000Billy Bajema,TE,3000Dion Lewis,RB,3000Josh Boyce,WR,3000Vance McDonald,TE,3000Markus Wheaton,WR,3000Conner Vernon,WR,3000Nick Kasa,TE,3000Tony Scheffler,TE,3000Rex Burkhead,RB,3000Braylon Edwards,WR,3000Roscoe Parrish,WR,3000Trindon Holliday,WR,3000Richie Brockel,TE,3000Harvey Unga,RB,3000John Conner,RB,3000Chris Pressley,RB,3000Zach Miller,TE,3000Brody Eldridge,TE,3000Collin Mooney,RB,3000Reagan Maui'a,RB,3000David Ausberry,TE,3000Kory Sperry,TE,3000Kevin Ogletree,WR,3000Tristan Davis,RB,3000Mario Manningham,WR,3000Javon Ringer,RB,3000Quan Cosby,WR,3000Jorvorskie Lane,RB,3000Kellen Davis,TE,3000Chase Coffman,TE,3000Logan Paulsen,TE,3000Travis Beckum,TE,3000Montario Hardesty,RB,3000Juaquin Iglesias,WR,3000Jordan Norwood,WR,3000Garrett Graham,TE,3000Andrew DePaola,TE,3000Tiquan Underwood,WR,3000Stanley Havili,RB,3000Corey McIntyre,RB,3000Richard Gordon,TE,3000Chris Gronkowski,RB,3000John Phillips,TE,3000Shaun Draughn,RB,3000Ryan Taylor,TE,3000Lawrence Tynes,K,3000Jalen Parmele,RB,3000Tom Crabtree,TE,3000Marcel Reece,RB,3000Preston Parker,WR,3000Beanie Wells,RB,3000Jacoby Ford,WR,3000Vonta Leach,RB,3000Ryan Torain,RB,3000Kyle Williams,WR,3000Jim Dray,TE,3000Darius Reynaud,RB,3000Nate Byham,TE,3000Tim Hightower,RB,3000Erik Lorig,RB,3000Jerome Felton,RB,3000Keiland Williams,RB,3000Virgil Green,TE,3000Anthony Armstrong,WR,3000Dan Carpenter,K,3000Kris Durham,WR,3000Brit Miller,RB,3000Cedric Peerman,RB,3000Marlon Moore,WR,3000Chastin West,WR,3000John Kuhn,RB,3000Chris Ogbonnaya,RB,3000DeMarco Sampson,WR,3000Eddie Williams,RB,3000Brandon Tate,WR,3000David Johnson,TE,3000Ramses Barden,WR,3000Austin Collie,WR,3000Felix Jones,RB,3000Peyton Hillis,RB,3000Jordan Shipley,WR,3000Tony Fiammetta,RB,3000Jed Collins,RB,3000Andrew Hawkins,WR,3000Justin Forsett,RB,3000Rashad Jennings,RB,3000Brandon Jackson,RB,3000Mike Tolbert,RB,3000Jerome Simpson,WR,3000Deon Butler,WR,3000Owen Schmitt,RB,3000Gary Barnidge,TE,3000Will Ta'ufo'ou,RB,3000Darrius Heyward-Bey,WR,3000Mike Caussin,TE,3000Brian Robiskie,WR,3000Donald Brown,RB,3000Roberto Wallace,WR,3000Antone Smith,RB,3000Quinn Johnson,RB,3000Jacob Hester,RB,3000Early Doucet,WR,3000Marcus Thigpen,RB,3000Mike Thomas,WR,3000Shonn Greene,RB,3000Brandon Gibson,WR,3000Earl Bennett,WR,3000Alfonso Smith,RB,3000Graham Gano,K,3000Josh Vaughan,RB,3000Bear Pascoe,TE,3000Mike Cox,RB,3000Darrel Young,RB,3000Clay Harbor,TE,3000Mohamed Massaquoi,WR,3000Lavelle Hawkins,WR,3000David Gettis,WR,3000Fendi Onobun,TE,3000Joe Webb,WR,3000Louis Murphy,WR,3000David Nelson,WR,3000LaRod Stephens-Howling,RB,3000Carlton Mitchell,WR,3000Marcus Easley,WR,3000Kealoha Pilares,WR,3000Chaz Schilens,WR,3000Dezmon Briscoe,WR,3000Tyler Clutts,RB,3000Laurent Robinson,WR,3000Jacob Tamme,TE,3000Matt Asiata,RB,3000Charles Johnson,WR,3000Robert Meachem,WR,3000Austin Pettis,WR,3000Adrien Robinson,TE,3000Lex Hilliard,RB,3000James Develin,RB,3000Colin Cochart,TE,3000Armando Allen,RB,3000Kassim Osgood,WR,3000Andrew Quarless,TE,3000Tim Toone,WR,3000Eric Weems,WR,3000John Carlson,TE,3000Aaron Hernandez,TE,3000Michael Bush,RB,3000Zack Pianalto,TE,3000Brett Brackett,TE,3000Evan Royster,RB,3000DuJuan Harris,RB,3000Joe McKnight,RB,3000Marvin McNutt,WR,3000Allen Reisner,TE,3000Montell Owens,RB,3000Thomas Clayton,RB,3000Rhett Ellison,RB,3000Nick Toon,WR,3000Ben Obomanu,WR,3000Devin Aromashodu,WR,3000Terrance Ganaway,RB,3000Jackie Battle,RB,3000Domenik Hixon,WR,3000Doug Baldwin,WR,3000Brandon Jacobs,RB,3000Deonte Thompson,WR,3000Le'Ron McClain,RB,3000Josh Cooper,WR,3000Brian Quick,WR,3000John Griffin,RB,3000Chris Rainey,RB,3000Kendall Hunter,RB,3000Henry Hynoski,RB,3000Andre Caldwell,WR,3000Damien Berry,RB,3000D.J. Ware,RB,3000Daniel Herron,RB,3000Dane Sanzenbacher,WR,3000Ryan D'Imperio,RB,3000Lance Kendricks,TE,3000Anthony Dixon,RB,3000Jake Ballard,TE,3000Michael Turner,RB,3000Terrence Austin,WR,3000Josh Scobee,K,3000Tommy Gallarda,TE,3000Kyle Adams,TE,3000Jerricho Cotchery,WR,3000Michael Palmer,TE,3000Toby Gerhart,RB,3000Shaun Chapas,RB,3000Mewelde Moore,RB,3000Lestar Jean,WR,3000Phillip Tanner,RB,3000Baron Batch,RB,3000Rob Housler,TE,3000Dwayne Harris,WR,3000Jordan White,WR,3000Bruce Miller,RB,3000Brock Bolen,RB,3000Ted Ginn Jr.,WR,3000Josh Morgan,WR,3000Stefan Logan,RB,3000Matthew Mulligan,TE,3000Marc Mariani,WR,3000Mickey Shuler,TE,3000Mike McNeill,TE,3000Kris Adams,WR,3000Konrad Reuland,TE,3000Fred Davis,TE,3000Luke Stocker,TE,3000Steve Maneri,TE,3000Zach Miller,TE,3000Da'Rel Scott,RB,3000Taylor Price,WR,3000Anthony Allen,RB,3000Matthew Slater,WR,3000LaQuan Williams,WR,3000Delone Carter,RB,3000Sammie Stroughter,WR,3000Lee Smith,TE,3000Jeff Cumberland,TE,3000Michael Hoomanawanui,TE,3000Devery Henderson,WR,3000Chris Cooley,TE,3000Ben Hartsock,TE,3000Greg Jones,RB,3000Jeron Mastrud,TE,3000Damian Williams,WR,3000Michael Jenkins,WR,3000Lee Evans,WR,3000Armanti Edwards,WR,3000Mike Goodson,RB,3000Benjamin Watson,TE,3000