Peyton Manning,QB,22.21,10700
Aaron Rodgers,QB,22.14,10100
Tom Brady,QB,21.78,8300
Colin Kaepernick,QB,20.96,8800
Robert Griffin III,QB,19.79,8900
Drew Brees,QB,19.44,9200
Matt Ryan,QB,19.41,9000
Matthew Stafford,QB,18.65,9100
Cam Newton,QB,18.04,8400
Russell Wilson,QB,17.96,8000
Sam Bradford,QB,17.45,7400
E.J. Manuel,QB,16.70,5200
Tony Romo,QB,15.80,7800
Andy Dalton,QB,15.56,7200
Philip Rivers,QB,15.36,8200
Josh Freeman,QB,15.08,6500
Jay Cutler,QB,15.02,7300
Geno Smith,QB,14.95,5400
Eli Manning,QB,14.83,8100
Andrew Luck,QB,14.13,8500
Matt Schaub,QB,14.08,7000
Carson Palmer,QB,13.36,7300
Ben Roethlisberger,QB,13.16,6500
Terrelle Pryor,QB,12.81,6000
Christian Ponder,QB,12.22,5300
Joe Flacco,QB,12.08,7000
Jake Locker,QB,11.53,5700
Ryan Tannehill,QB,10.73,6300
Brian Hoyer,QB,10.48,5000
Chad Henne,QB,8.50,5000
Matt Flynn,QB,1.79,5000
Kirk Cousins,QB,1.50,5000
Mike Glennon,QB,1.49,5000
Drew Stanton,QB,1.45,5000
Seneca Wallace,QB,1.38,5000
Charlie Whitehurst,QB,1.37,5000
Dominique Davis,QB,1.36,5000
Nick Foles,QB,1.33,6500
Ryan Fitzpatrick,QB,1.32,5000
Josh McCown,QB,1.31,5000
David Garrard,QB,1.24,0
Matt Hasselbeck,QB,1.18,5000
Matt Cassel,QB,1.15,5000
Chase Daniel,QB,1.14,5000
Bruce Gradkowski,QB,0.62,5000
Tyrod Taylor,QB,0.59,5000
Colt McCoy,QB,0.59,5000
Jason Campbell,QB,0.59,5000
Matt Moore,QB,0.58,5000
Shaun Hill,QB,0.57,5000
Kyle Orton,QB,0.56,5000
Derek Anderson,QB,0.55,5000
T.J. Yates,QB,0.52,5000
Brock Osweiler,QB,0.41,5000
Jeff Tuel,QB,0.34,5000
Joe Webb,QB,0.24,3000
Ryan Mallett,QB,0.14,5000
Luke McCown,QB,0.13,5000
Ryan Nassib,QB,0.10,5000
Kellen Moore,QB,0.10,0
Curtis Painter,QB,0.10,5000
Sean Renfree,QB,0.09,0
Zac Dysert,QB,0.09,0
Brad Sorensen,QB,0.09,0
Landry Jones,QB,0.09,5000
Matt Barkley,QB,0.09,5000
Pat Devlin,QB,0.09,0
Scott Tolzien,QB,0.09,0
B.J. Daniels,QB,0.09,0
Rex Grossman,QB,0.08,0
Dan Orlovsky,QB,0.05,5000
Brady Quinn,QB,0.03,5000
Kellen Clemens,QB,0.01,5000
Brandon Weeden,QB,0.00,5900
Blaine Gabbert,QB,0.00,5000
Tarvaris Jackson,QB,0.00,5000
Mark Sanchez,QB,0.00,5000
Josh Johnson,QB,-0.02,5000
Adrian Peterson,RB,17.92,8900
Marshawn Lynch,RB,15.07,9000
Arian Foster,RB,15.01,8100
Alfred Morris,RB,14.60,7200
Doug Martin,RB,11.40,8500
C.J. Spiller,RB,11.15,7500
Chris Johnson,RB,10.90,6700
Matt Forte,RB,10.90,7800
DeMarco Murray,RB,10.80,6300
Ryan Mathews,RB,10.68,5000
Ray Rice,RB,10.68,6700
Reggie Bush,RB,10.52,8000
Frank Gore,RB,9.97,5400
Maurice Jones-Drew,RB,9.87,5200
Rashard Mendenhall,RB,9.77,5100
BenJarvus Green-Ellis,RB,9.74,4500
Stevan Ridley,RB,9.51,4800
Trent Richardson,RB,9.08,6700
Darren McFadden,RB,8.62,6300
Darren Sproles,RB,8.32,6500
Knowshon Moreno,RB,7.99,6000
Montee Ball,RB,7.63,4400
DeAngelo Williams,RB,7.58,4800
James Starks,RB,7.54,5000
David Wilson,RB,7.51,4500
Jacquizz Rodgers,RB,6.94,4800
Lamar Miller,RB,6.74,5500
Chris Ivory,RB,6.61,5000
Joique Bell,RB,5.87,4600
Daryl Richardson,RB,5.86,4100
Jason Snelling,RB,5.60,3800
Giovani Bernard,RB,5.45,4500
Daniel Thomas,RB,5.41,3400
Ben Tate,RB,5.27,3300
Mark Ingram,RB,5.16,3000
Pierre Thomas,RB,5.05,3900
Bilal Powell,RB,4.91,4100
Ahmad Bradshaw,RB,4.87,5500
Bobby Rainey,RB,4.82,0
Isaac Redman,RB,4.78,4000
Willis McGahee,RB,4.69,0
Bernard Pierce,RB,4.68,4500
Felix Jones,RB,4.59,3000
Bryce Brown,RB,4.54,3000
Chris Ogbonnaya,RB,4.30,3000
Jonathan Dwyer,RB,3.90,4000
Knile Davis,RB,3.88,3000
Robert Turbin,RB,3.49,3000
Fred Jackson,RB,3.49,4100
Dexter McCluster,RB,3.44,3000
Justin Forsett,RB,3.40,3000
Kendall Hunter,RB,3.32,3000
Danny Woodhead,RB,3.31,4100
Brandon Jacobs,RB,3.19,0
Joseph Randle,RB,3.01,3000
LeGarrette Blount,RB,3.00,3000
Zac Stacy,RB,2.96,3000
Jackie Battle,RB,2.94,3000
Isaiah Pead,RB,2.80,3100
Johnathan Franklin,RB,2.65,4000
Michael Bush,RB,2.23,3000
Andre Ellington,RB,2.18,3000
Ronnie Hillman,RB,2.06,3000
Da'Rel Scott,RB,2.04,3000
Toby Gerhart,RB,1.86,3000
Mike Gillislee,RB,1.85,3000
Donald Brown,RB,1.85,3000
LaMichael James,RB,1.83,3000
Rashad Jennings,RB,1.74,3000
Roy Helu,RB,1.68,3000
Mike Tolbert,RB,1.67,3000
Kenjon Barner,RB,1.65,3000
Mikel Leshoure,RB,1.56,3000
Christine Michael,RB,1.56,3000
Mike James,RB,1.42,3000
Jordan Todman,RB,1.38,3000
Stepfan Taylor,RB,1.30,3000
Marcel Reece,RB,1.21,3000
Ronnie Brown,RB,1.20,3000
Evan Royster,RB,1.20,3000
Chris Polk,RB,1.11,3000
Alex Green,RB,1.07,3000
Tashard Choice,RB,1.02,3000
Brian Leonard,RB,1.00,3000
Darrel Young,RB,0.96,3000
Henry Hynoski,RB,0.83,3000
James Develin,RB,0.74,3000
Ryan Williams,RB,0.71,3000
John Kuhn,RB,0.70,3000
Derrick Coleman,RB,0.69,3000
Benny Cunningham,RB,0.69,0
Bruce Miller,RB,0.67,3000
Zach Line,RB,0.62,3000
Lawrence Vickers,RB,0.58,3000
Vonta Leach,RB,0.57,3000
Phillip Tanner,RB,0.54,3000
Tommy Bohanon,RB,0.52,3000
Armando Allen,RB,0.49,3000
Stanley Havili,RB,0.48,3000
Greg Jones,RB,0.41,3000
Anthony Sherman,RB,0.41,3000
Jed Collins,RB,0.34,3000
Dorin Dickerson,RB,0.30,3000
LeRon McClain,RB,0.27,3000
Fozzy Whittaker,RB,0.23,0
Erik Lorig,RB,0.20,3000
Cedric Peerman,RB,0.20,3000
Theo Riddick,RB,0.18,3000
Marcus Thigpen,RB,0.18,3000
Will Johnson,RB,0.17,3000
Spencer Ware,RB,0.17,3000
Eric Kettani,RB,0.16,0
Anthony Dixon,RB,0.16,3000
Chris Thompson,RB,0.16,3000
Tyler Clutts,RB,0.15,3000
Lance Dunbar,RB,0.15,3000
Leon Washington,RB,0.15,3000
Terrance Ganaway,RB,0.14,3000
Darius Reynaud,RB,0.13,3000
Frank Summers,RB,0.12,3100
Kyle Juszczyk,RB,0.11,3000
Cyrus Gray,RB,0.10,3000
Jeremy Stewart,RB,0.07,3000
Travaris Cadet,RB,0.07,3000
Matt Asiata,RB,0.07,3000
Armond Smith,RB,0.02,3000
Will Ta'ufo'ou,RB,0.02,3000
Antone Smith,RB,0.02,3000
John Conner,RB,0.02,3000
Eddie Lacy,RB,0.00,5600
Le'Veon Bell,RB,0.00,3800
Shane Vereen,RB,0.00,6100
Steven Jackson,RB,0.00,6300
Quinn Johnson,RB,0.00,3000
Mike Goodson,RB,0.00,3000
LaRod Stephens-Howling,RB,0.00,3000
Jerome Felton,RB,0.00,3000
Shonn Greene,RB,0.00,3000
Jonathan Stewart,RB,0.00,3500
Andre Brown,RB,0.00,3200
Calvin Johnson,WR,13.91,9500
Demaryius Thomas,WR,13.35,7900
A.J. Green,WR,12.13,9500
Julio Jones,WR,11.77,9100
Brandon Marshall,WR,11.43,8700
Larry Fitzgerald,WR,11.37,7800
Dez Bryant,WR,11.37,7700
Andre Johnson,WR,11.33,7200
Wes Welker,WR,11.11,6900
Randall Cobb,WR,11.07,8300
Victor Cruz,WR,10.98,7900
Reggie Wayne,WR,10.65,6900
Marques Colston,WR,10.51,6500
Vincent Jackson,WR,10.42,7200
Julian Edelman,WR,9.79,6000
Jordy Nelson,WR,9.57,7400
Steve Smith,WR,9.51,6200
Anquan Boldin,WR,9.38,6800
Steve Johnson,WR,9.14,0
Torrey Smith,WR,8.81,6000
Miles Austin,WR,8.77,5000
Pierre Garcon,WR,8.66,7400
Greg Jennings,WR,8.62,5300
Roddy White,WR,8.53,6300
Dwayne Bowe,WR,8.05,6200
Tavon Austin,WR,8.04,5900
Josh Gordon,WR,7.88,5000
Cecil Shorts,WR,7.59,5000
Mike Williams,WR,7.39,5300
Mike Wallace,WR,7.34,5800
Kenbrell Thompkins,WR,7.31,3000
Lance Moore,WR,7.28,4500
Hakeem Nicks,WR,7.28,6800
Eric Decker,WR,7.14,5800
T.Y. Hilton,WR,7.08,5800
Antonio Brown,WR,6.82,5900
James Jones,WR,6.74,6300
Nate Burleson,WR,6.57,4000
Sidney Rice,WR,6.54,3800
Andre Roberts,WR,6.46,4400
Kendall Wright,WR,6.41,4600
Denarius Moore,WR,6.39,4200
DeAndre Hopkins,WR,6.22,6000
Golden Tate,WR,6.21,3700
Alshon Jeffery,WR,6.10,3600
Keenan Allen,WR,6.07,3000
Brian Hartline,WR,6.04,5000
Davone Bess,WR,6.03,3300
Doug Baldwin,WR,5.99,3000
Emmanuel Sanders,WR,5.82,4900
Mohamed Sanu,WR,5.55,3300
Vincent Brown,WR,5.47,4600
Eddie Royal,WR,5.46,7000
Kenny Britt,WR,5.40,4400
Marlon Brown,WR,5.33,5800
Aaron Dobson,WR,5.29,3900
Josh Morgan,WR,5.14,3000
Nate Washington,WR,5.12,3400
Rueben Randle,WR,4.90,3900
Santonio Holmes,WR,4.78,3900
Stephen Hill,WR,4.71,3400
Brandon Gibson,WR,4.64,3000
Santana Moss,WR,4.63,3300
Rod Streater,WR,4.46,4500
Riley Cooper,WR,4.46,5700
Brandon Stokley,WR,4.36,3000
Earl Bennett,WR,4.30,3000
Chris Givens,WR,4.22,4400
Michael Floyd,WR,4.14,4900
Jeremy Kerley,WR,4.05,3200
Robert Woods,WR,4.01,3400
Greg Little,WR,3.98,4100
Kevin Ogletree,WR,3.90,3000
Leonard Hankerson,WR,3.86,3400
Brandon LaFell,WR,3.75,3800
Stedman Bailey,WR,3.70,3000
Darrius Heyward-Bey,WR,3.62,3000
Cordarrelle Patterson,WR,3.33,3100
Jacoby Ford,WR,3.17,3000
Markus Wheaton,WR,3.11,3000
Terrance Williams,WR,2.95,3000
Ryan Broyles,WR,2.92,3300
Brian Quick,WR,2.71,3000
Harry Douglas,WR,2.33,4200
Marvin Jones,WR,2.24,3000
Justin Hunter,WR,1.65,3000
Jerome Simpson,WR,1.58,3000
David Reed,WR,1.54,3000
Jarius Wright,WR,1.51,3000
DeVier Posey,WR,1.36,3000
Damaris Johnson,WR,1.31,3000
Aldrick Robinson,WR,1.31,3000
T.J. Graham,WR,1.26,3000
Denard Robinson,WR,1.14,3000
Brian Robiskie,WR,1.13,3000
Kyle Williams,WR,1.05,3000
Domenik Hixon,WR,1.02,3000
Lestar Jean,WR,0.92,3000
Armanti Edwards,WR,0.91,3000
Marcus Easley,WR,0.91,3000
Austin Pettis,WR,0.89,3000
Jason Avant,WR,0.86,3500
Chris Harper,WR,0.85,3000
Marquess Wilson,WR,0.83,3000
Michael Preston,WR,0.83,3000
Junior Hemingway,WR,0.83,3000
Patrick Edwards,WR,0.82,3000
Drew Davis,WR,0.81,3000
Ricardo Lockette,WR,0.80,0
Bryan Walters,WR,0.80,0
Chad Hall,WR,0.80,3000
Brett Swain,WR,0.80,0
Quinton Patton,WR,0.80,3000
Joe Anderson,WR,0.78,0
Devin Thomas,WR,0.77,0
Ace Sanders,WR,0.73,3600
Travis Benjamin,WR,0.73,3000
Taylor Price,WR,0.73,3000
B.J. Cunningham,WR,0.73,0
LaVon Brazill,WR,0.71,0
Ted Ginn Jr.,WR,0.70,3000
Eric Page,WR,0.68,0
Josh Boyce,WR,0.68,3000
Russell Shepard,WR,0.68,0
Jaron Brown,WR,0.67,3000
Seyi Ajirotutu,WR,0.67,0
Kris Durham,WR,0.65,3000
Isaiah Williams,WR,0.65,0
Brice Butler,WR,0.65,3000
Griff Whalen,WR,0.64,3000
Ryan Spadola,WR,0.64,0
Jeremy Ross,WR,0.62,0
Dwayne Harris,WR,0.60,3000
Brandon Tate,WR,0.59,3000
Robert Meachem,WR,0.59,3000
Tori Gurley,WR,0.58,3000
Justin Brown,WR,0.58,3000
Ryan Swope,WR,0.57,3000
Ben Obomanu,WR,0.57,3000
Damian Williams,WR,0.55,3000
Eric Weems,WR,0.53,3000
Steve Smith,WR,0.53,3000
Edmond Gates,WR,0.52,0
Kenny Stills,WR,0.52,3000
Andy Tanner,WR,0.52,0
Rishard Matthews,WR,0.49,3000
Chris Owusu,WR,0.48,3000
Josh Cooper,WR,0.48,3000
Terrance Copper,WR,0.48,3000
Juron Criner,WR,0.47,3000
A.J. Jenkins,WR,0.46,3000
Cole Beasley,WR,0.45,3000
Ryan Whalen,WR,0.40,3000
Louis Murphy,WR,0.40,3000
Jerricho Cotchery,WR,0.39,3000
Jarrett Boykin,WR,0.37,3000
Deonte Thompson,WR,0.35,3000
Keshawn Martin,WR,0.33,3000
Devin Hester,WR,0.33,3000
Jerrel Jernigan,WR,0.31,3000
Trindon Holliday,WR,0.31,3000
Charly Martin,WR,0.31,0
Jordan White,WR,0.29,3000
LaRon Byrd,WR,0.27,3000
Toney Clemons,WR,0.17,0
Dane Sanzenbacher,WR,0.16,3000
Dominique Curry,WR,0.15,0
Niles Paul,WR,0.11,3000
Isaiah Stanback,WR,0.08,3000
Marquise Goodwin,WR,0.00,3000
Kevin Cone,WR,0.00,3000
Nathan Palmer,WR,0.00,3000
Malcom Floyd,WR,0.00,3700
Greg Childs,WR,0.00,3000
Justin Blackmon,WR,0.00,0
Jacoby Jones,WR,0.00,3100
Plaxico Burress,WR,0.00,3000
Danny Amendola,WR,0.00,6900
Michael Crabtree,WR,0.00,0
Mario Manningham,WR,0.00,3000
Percy Harvin,WR,0.00,0
Kevin Walter,WR,0.00,3000
Andrew Hawkins,WR,0.00,3000
Jimmy Graham,TE,9.18,7900
Jason Witten,TE,9.12,6100
Tony Gonzalez,TE,8.87,5600
Rob Gronkowski,TE,8.78,6000
Greg Olsen,TE,7.99,5200
Vernon Davis,TE,6.92,5200
Jordan Cameron,TE,6.78,5700
Owen Daniels,TE,6.21,4700
Julius Thomas,TE,6.08,4900
Brandon Myers,TE,6.02,4900
Antonio Gates,TE,5.60,5100
Kyle Rudolph,TE,5.51,4200
Coby Fleener,TE,5.44,4400
Martellus Bennett,TE,5.33,5500
Brandon Pettigrew,TE,5.00,4000
Jermaine Gresham,TE,4.97,3500
Jared Cook,TE,4.85,5100
Jermichael Finley,TE,4.73,5000
Marcedes Lewis,TE,4.16,3000
Zach Miller,TE,4.01,3000
Brent Celek,TE,3.84,4100
Kellen Winslow Jr.,TE,3.63,0
Kory Sperry,TE,3.53,3000
Scott Chandler,TE,3.32,3200
Tyler Eifert,TE,3.27,3500
Charles Clay,TE,3.26,4200
Jordan Reed,TE,3.20,3500
Anthony McCoy,TE,3.13,0
Logan Paulsen,TE,3.10,3000
Jeff Cumberland,TE,3.08,3000
Zach Ertz,TE,2.90,4800
Ed Dickson,TE,2.88,3600
Joel Dreessen,TE,2.69,3000
Heath Miller,TE,2.63,3000
Fred Davis,TE,2.58,3000
Vance McDonald,TE,2.57,3000
Delanie Walker,TE,2.55,3100
Gavin Escobar,TE,2.51,3000
Travis Kelce,TE,2.33,3000
Craig Stevens,TE,2.17,3000
Michael Hoomanawanui,TE,2.13,3000
Zach Sudfeld,TE,1.97,3000
Dallas Clark,TE,1.93,3000
Andrew Quarless,TE,1.91,3000
Luke Stocker,TE,1.88,3000
Garrett Graham,TE,1.75,3000
Ben Hartsock,TE,1.74,3000
Benjamin Watson,TE,1.72,3000
Chase Coffman,TE,1.68,3000
David Paulson,TE,1.49,3000
Joseph Fauria,TE,1.48,3000
Jeron Mastrud,TE,1.34,3000
Allen Reisner,TE,1.33,3000
John Phillips,TE,1.24,3000
Lee Smith,TE,1.01,3000
Steve Maneri,TE,0.95,3000
Bear Pascoe,TE,0.83,3000
Dion Sims,TE,0.80,3000
Matthew Mulligan,TE,0.77,3000
Konrad Reuland,TE,0.76,3000
Jacob Tamme,TE,0.60,3000
John Carlson,TE,0.55,3000
Larry Donnell,TE,0.50,3000
David Johnson,TE,0.44,3000
D.C. Jefferson,TE,0.32,3000
Kyle Adams,TE,0.30,3000
Billy Bajema,TE,0.30,3000
Michael Egnew,TE,0.29,3000
Luke Willson,TE,0.25,3000
Levine Toilolo,TE,0.25,3000
Mychal Rivera,TE,0.23,3000
Nick Kasa,TE,0.23,3000
Ryan Taylor,TE,0.23,3000
Gary Barnidge,TE,0.23,3000
Chris Gragg,TE,0.22,3000
Virgil Green,TE,0.20,3000
Jamie McCoy,TE,0.17,0
Ladarius Green,TE,0.17,3000
Adrien Robinson,TE,0.13,3000
Kevin Brock,TE,0.13,3000
Nate Byham,TE,0.12,3000
Orson Charles,TE,0.10,3000
Dominique Jones,TE,0.09,3000
James Hanna,TE,0.09,3000
Jim Dray,TE,0.09,3000
Garrett Celek,TE,0.05,3000
Rhett Ellison,TE,0.05,3000
Alex Smith,TE,0.05,3000
Taylor Thompson,TE,0.03,3000
Tommy Gallarda,TE,0.03,3000
Weslye Saunders,TE,0.02,3000
Cory Harkey,TE,0.00,3000
David Ausberry,TE,0.00,3000
Rob Housler,TE,0.00,3000
Richie Brockel,TE,0.00,3000
Tom Crabtree,TE,0.00,3000
Matt Spaeth,TE,0.00,3000
Anthony Fasano,TE,0.00,3000
Phil Dawson,K,10.03,3600
Steven Hauschka,K,8.86,3600
Matt Prater,K,8.56,4000
Garrett Hartley,K,8.49,3800
Jay Feely,K,8.47,3400
Kai Forbath,K,8.38,3100
Randy Bullock,K,7.95,3500
Alex Henery,K,7.95,3700
Dan Bailey,K,7.91,4000
Nick Novak,K,7.80,3400
Blair Walsh,K,7.74,3600
Matt Bryant,K,7.70,3500
Greg Zuerlein,K,7.60,3500
Graham Gano,K,7.58,3000
Adam Vinatieri,K,7.33,3000
Ryan Succop,K,7.32,3000
Rian Lindell,K,7.30,3000
Stephen Gostkowski,K,7.22,3800
Josh Scobee,K,7.20,3000
Nick Folk,K,7.03,3000
Dan Carpenter,K,6.97,3000
Mike Nugent,K,6.91,3000
Justin Tucker,K,6.86,3200
Caleb Sturgis,K,6.84,3100
Sebastian Janikowski,K,6.82,3400
David Akers,K,6.79,3400
Mason Crosby,K,6.78,3200
Billy Cundiff,K,6.77,3000
Josh Brown,K,6.69,3700
Rob Bironas,K,6.42,3100
Shaun Suisham,K,6.37,3000
Robbie Gould,K,6.27,3100
Seattle D/ST,DEF,13.74,5800
Chicago D/ST,DEF,12.73,4800
Denver D/ST,DEF,12.41,4800
Minnesota D/ST,DEF,11.45,4200
New Orleans D/ST,DEF,10.90,4100
San Diego D/ST,DEF,10.36,3400
Pittsburgh D/ST,DEF,10.14,3000
New England D/ST,DEF,10.08,4600
Atlanta D/ST,DEF,9.78,3300
Tennessee D/ST,DEF,9.68,3400
Houston D/ST,DEF,9.40,4800
Buffalo D/ST,DEF,9.38,3600
St. Louis D/ST,DEF,9.24,4000
New York Jets D/ST,DEF,9.06,3000
Kansas City D/ST,DEF,8.74,4200
San Francisco D/ST,DEF,8.53,4400
Arizona D/ST,DEF,8.30,4200
Carolina D/ST,DEF,8.15,3400
Washington D/ST,DEF,7.61,3800
Green Bay D/ST,DEF,7.61,3400
New York Giants D/ST,DEF,7.14,3100
Baltimore D/ST,DEF,7.08,4200
Detroit D/ST,DEF,6.92,3100
Cleveland D/ST,DEF,6.87,3600
Tampa Bay D/ST,DEF,6.84,3600
Cincinnati D/ST,DEF,6.43,3200
Miami D/ST,DEF,6.26,3300
Dallas D/ST,DEF,6.13,3900
Indianapolis D/ST,DEF,4.86,3100
Oakland D/ST,DEF,4.68,3000
Jacksonville D/ST,DEF,4.57,3000